episode,env_steps,return,loss
1,13,13.0,0.10726165771484375
2,22,9.0,0.9661644697189331
3,41,19.0,2.3803415298461914
4,56,15.0,0.13290739059448242
5,66,10.0,0.9526973962783813
6,76,10.0,-0.8958607912063599
7,96,20.0,0.12233245372772217
8,135,39.0,-0.10362708568572998
9,144,9.0,0.567799985408783
10,155,11.0,1.4086871147155762
11,171,16.0,0.32318544387817383
12,189,18.0,1.3309764862060547
13,212,23.0,1.7352077960968018
14,274,62.0,0.5987030267715454
15,286,12.0,-0.4586818218231201
16,296,10.0,-0.1866849660873413
17,317,21.0,-0.3412362337112427
18,339,22.0,0.2579538822174072
19,354,15.0,0.48105406761169434
20,417,63.0,6.253249168395996
21,436,19.0,-0.5630205869674683
22,457,21.0,-0.8959843516349792
23,526,69.0,5.736264228820801
24,537,11.0,-0.057617902755737305
25,551,14.0,-0.13648605346679688
26,565,14.0,-0.03598445653915405
27,589,24.0,1.8617855310440063
28,612,23.0,-0.8408148288726807
29,621,9.0,-0.3846930265426636
30,636,15.0,0.546093225479126
31,660,24.0,-0.15711617469787598
32,671,11.0,1.0615510940551758
33,687,16.0,0.9906991124153137
34,718,31.0,0.4780690670013428
35,744,26.0,-0.028846561908721924
36,758,14.0,0.4984687566757202
37,778,20.0,1.0970604419708252
38,806,28.0,0.055161118507385254
39,845,39.0,1.817595362663269
40,874,29.0,0.868536651134491
41,893,19.0,1.0579731464385986
42,906,13.0,0.13526487350463867
43,952,46.0,-0.011983394622802734
44,973,21.0,-0.23666846752166748
45,988,15.0,-0.21004503965377808
46,1024,36.0,-0.772367000579834
47,1070,46.0,1.6495609283447266
48,1148,78.0,3.2393603324890137
49,1165,17.0,0.1156352162361145
50,1192,27.0,-0.16613268852233887
51,1212,20.0,-0.5835458040237427
52,1222,10.0,-0.15945112705230713
53,1233,11.0,0.6641955971717834
54,1279,46.0,-0.585199236869812
55,1293,14.0,0.4531126022338867
56,1346,53.0,0.1950203776359558
57,1356,10.0,0.13515228033065796
58,1400,44.0,0.8298803567886353
59,1431,31.0,-0.7527250647544861
60,1450,19.0,0.30188047885894775
61,1473,23.0,-0.18047213554382324
62,1488,15.0,-0.38611412048339844
63,1504,16.0,0.14483290910720825
64,1569,65.0,-0.12932157516479492
65,1626,57.0,-0.014147043228149414
66,1673,47.0,-0.15633773803710938
67,1696,23.0,-0.14143383502960205
68,1774,78.0,0.2793443202972412
69,1784,10.0,-0.08813369274139404
70,1796,12.0,-0.07627791166305542
71,1827,31.0,-0.33470726013183594
72,1872,45.0,0.0561671257019043
73,1904,32.0,-0.2877159118652344
74,1940,36.0,0.024386882781982422
75,1958,18.0,-0.19516360759735107
76,1990,32.0,0.014418959617614746
77,2011,21.0,-0.21244537830352783
78,2030,19.0,0.5805826783180237
79,2078,48.0,-0.37905311584472656
80,2092,14.0,-0.3230466842651367
81,2121,29.0,0.47723400592803955
82,2142,21.0,-0.39750492572784424
83,2154,12.0,0.4002373218536377
84,2170,16.0,0.25979483127593994
85,2180,10.0,-0.05326974391937256
86,2233,53.0,-1.5704467296600342
87,2247,14.0,-0.06337785720825195
88,2289,42.0,-1.1298295259475708
89,2309,20.0,0.2550323009490967
90,2343,34.0,0.1266491413116455
91,2380,37.0,-0.2681683301925659
92,2413,33.0,0.558233916759491
93,2443,30.0,-0.08731722831726074
94,2491,48.0,-0.1224474310874939
95,2531,40.0,0.030479848384857178
96,2549,18.0,0.46660280227661133
97,2625,76.0,0.2828015089035034
98,2637,12.0,0.4373629093170166
99,2649,12.0,-0.23953115940093994
100,2662,13.0,0.20233798027038574
101,2725,63.0,-0.2791174054145813
102,2757,32.0,0.15800964832305908
103,2779,22.0,0.3898913264274597
104,2822,43.0,0.15307432413101196
105,2844,22.0,0.477675199508667
106,2876,32.0,0.15523898601531982
107,2898,22.0,-0.10041356086730957
108,2910,12.0,-1.1147085428237915
109,2924,14.0,-1.6546189785003662
110,2948,24.0,0.2138303518295288
111,3019,71.0,-1.3336966037750244
112,3106,87.0,-0.473781943321228
113,3135,29.0,-0.9129887819290161
114,3153,18.0,0.35582196712493896
115,3168,15.0,-0.9860401153564453
116,3192,24.0,-0.91092848777771
117,3206,14.0,-0.2749698758125305
118,3226,20.0,0.603243887424469
119,3327,101.0,0.314167320728302
120,3408,81.0,-1.0262165069580078
121,3442,34.0,0.5660496950149536
122,3480,38.0,-1.4963068962097168
123,3540,60.0,0.04261970520019531
124,3557,17.0,-1.1668342351913452
125,3594,37.0,-0.3123023509979248
126,3611,17.0,-0.22723019123077393
127,3683,72.0,0.7071423530578613
128,3701,18.0,-0.18914422392845154
129,3734,33.0,0.27853477001190186
130,3777,43.0,0.7549464702606201
131,3811,34.0,-1.2910820245742798
132,3891,80.0,-0.10119879245758057
133,3926,35.0,0.8754992485046387
134,3967,41.0,-0.5162332653999329
135,3989,22.0,-1.166727066040039
136,4004,15.0,0.9617052674293518
137,4037,33.0,-1.1654545068740845
138,4051,14.0,0.3255913257598877
139,4099,48.0,0.2391669750213623
140,4116,17.0,-0.7681841850280762
141,4166,50.0,0.1241297721862793
142,4238,72.0,-1.1845552921295166
143,4327,89.0,0.28881049156188965
144,4364,37.0,-0.9985042810440063
145,4380,16.0,-0.10384225845336914
146,4472,92.0,0.8347693681716919
147,4490,18.0,-1.2066410779953003
148,4512,22.0,0.5852223634719849
149,4560,48.0,0.11538106203079224
150,4578,18.0,-0.11179035902023315
151,4613,35.0,0.43782472610473633
152,4645,32.0,0.1827501654624939
153,4699,54.0,-1.8731662034988403
154,4731,32.0,-0.92562335729599
155,4753,22.0,0.01803654432296753
156,4792,39.0,0.060406506061553955
157,4838,46.0,0.7266637682914734
158,4898,60.0,0.19627368450164795
159,4922,24.0,0.5430331230163574
160,4956,34.0,-3.8732762336730957
161,5018,62.0,-0.589187502861023
162,5030,12.0,0.5291287899017334
163,5065,35.0,0.35407865047454834
164,5092,27.0,-1.2084319591522217
165,5105,13.0,-0.2765820026397705
166,5117,12.0,0.48949673771858215
167,5166,49.0,0.5308871269226074
168,5203,37.0,0.3937201499938965
169,5225,22.0,-0.1333392858505249
170,5264,39.0,-0.10707318782806396
171,5294,30.0,0.1473814845085144
172,5328,34.0,-0.051136314868927
173,5340,12.0,0.4357531666755676
174,5366,26.0,0.3485106825828552
175,5421,55.0,0.7453870177268982
176,5451,30.0,-2.782729148864746
177,5511,60.0,-0.3187943696975708
178,5560,49.0,0.5381380319595337
179,5576,16.0,-0.3521007299423218
180,5597,21.0,-0.5435420274734497
181,5621,24.0,0.4320744276046753
182,5667,46.0,0.21641242504119873
183,5738,71.0,-0.6068736910820007
184,5753,15.0,-0.80698162317276
185,5774,21.0,0.624843418598175
186,5801,27.0,0.3229832053184509
187,5831,30.0,-0.7436046600341797
188,5940,109.0,0.8376128673553467
189,5983,43.0,-0.5462502241134644
190,6010,27.0,-1.70033597946167
191,6037,27.0,-3.070618152618408
192,6062,25.0,0.5814869403839111
193,6089,27.0,-0.05918705463409424
194,6141,52.0,0.22402751445770264
195,6187,46.0,0.5389439463615417
196,6276,89.0,-1.2902495861053467
197,6307,31.0,-0.4076009690761566
198,6328,21.0,-1.1651155948638916
199,6382,54.0,0.018368542194366455
200,6405,23.0,0.5579634308815002
201,6438,33.0,-0.4269903898239136
202,6461,23.0,0.47467416524887085
203,6505,44.0,0.18963003158569336
204,6528,23.0,-0.04468521475791931
205,6616,88.0,0.7214806079864502
206,6665,49.0,-1.0451912879943848
207,6782,117.0,0.363478422164917
208,6823,41.0,-4.781256198883057
209,6837,14.0,-0.6716740131378174
210,6922,85.0,-3.166306734085083
211,6946,24.0,-0.2685874104499817
212,6992,46.0,-0.7812498211860657
213,7047,55.0,-0.7094166874885559
214,7065,18.0,0.28086692094802856
215,7130,65.0,-1.9553310871124268
216,7145,15.0,0.6647288203239441
217,7200,55.0,1.1046148538589478
218,7329,129.0,-2.5591747760772705
219,7446,117.0,-0.18073809146881104
220,7464,18.0,-0.7759672403335571
221,7610,146.0,-1.1277415752410889
222,7639,29.0,-1.3590010404586792
223,7669,30.0,0.441204309463501
224,7726,57.0,-0.9317783117294312
225,7755,29.0,0.8361085057258606
226,7809,54.0,-1.2132441997528076
227,7899,90.0,1.528648853302002
228,7936,37.0,-0.6598202586174011
229,7998,62.0,-0.9553732872009277
230,8104,106.0,-5.214515686035156
231,8132,28.0,-1.5647271871566772
232,8171,39.0,-1.5437958240509033
233,8209,38.0,0.2280932068824768
234,8263,54.0,0.29290080070495605
235,8293,30.0,0.40836676955223083
236,8375,82.0,-3.859750270843506
237,8466,91.0,0.021019577980041504
238,8519,53.0,0.39441365003585815
239,8540,21.0,-1.0770350694656372
240,8587,47.0,-2.2621331214904785
241,8661,74.0,0.011487424373626709
242,8694,33.0,0.4164199233055115
243,8738,44.0,0.02231121063232422
244,8778,40.0,-0.232987642288208
245,8796,18.0,-3.6363625526428223
246,8871,75.0,0.6927485466003418
247,8906,35.0,0.3131979703903198
248,8980,74.0,-1.2587553262710571
249,9003,23.0,2.00360369682312
250,9057,54.0,0.7446261048316956
251,9098,41.0,0.5989864468574524
252,9178,80.0,-0.6430675983428955
253,9217,39.0,-1.6310194730758667
254,9244,27.0,0.07915472984313965
255,9275,31.0,-0.2150527834892273
256,9313,38.0,-0.8098821640014648
257,9391,78.0,-0.0012345314025878906
258,9415,24.0,-0.5797136425971985
259,9501,86.0,1.3034018278121948
260,9671,170.0,-0.7477401494979858
261,9685,14.0,-0.1180296540260315
262,9817,132.0,1.2540993690490723
263,9835,18.0,0.5029541850090027
264,9861,26.0,-0.2378489375114441
265,9887,26.0,1.1844499111175537
266,9934,47.0,-1.5107020139694214
267,9958,24.0,-0.1839233934879303
268,10011,53.0,0.5487194061279297
269,10051,40.0,-2.256418228149414
270,10130,79.0,-1.7661409378051758
271,10187,57.0,-0.11473321914672852
272,10235,48.0,0.16702860593795776
273,10289,54.0,0.3431900143623352
274,10372,83.0,0.5964940786361694
275,10435,63.0,-2.057323455810547
276,10467,32.0,-1.0841459035873413
277,10528,61.0,0.7368302941322327
278,10568,40.0,0.3008779287338257
279,10690,122.0,-2.0078768730163574
280,10721,31.0,-0.15245211124420166
281,10773,52.0,-1.1618314981460571
282,10847,74.0,1.3812710046768188
283,10893,46.0,0.965495228767395
284,10961,68.0,-2.126210927963257
285,10978,17.0,-0.0789027214050293
286,10991,13.0,-0.3737437129020691
287,11013,22.0,0.9213250875473022
288,11039,26.0,-1.4206438064575195
289,11079,40.0,-4.2056474685668945
290,11156,77.0,0.006845831871032715
291,11249,93.0,-2.516845703125
292,11316,67.0,-1.9410512447357178
293,11426,110.0,-2.8828647136688232
294,11503,77.0,-0.5537083148956299
295,11578,75.0,1.547438144683838
296,11613,35.0,-0.35178473591804504
297,11722,109.0,-0.3935320973396301
298,11797,75.0,-4.417874813079834
299,11877,80.0,-0.0003606081008911133
300,11932,55.0,0.09727859497070312
301,12025,93.0,0.2872719168663025
302,12070,45.0,0.6239692568778992
303,12144,74.0,0.9528252482414246
304,12173,29.0,0.7058433294296265
305,12194,21.0,1.76356840133667
306,12245,51.0,0.502572774887085
307,12279,34.0,-6.338991165161133
308,12335,56.0,0.3484935760498047
309,12438,103.0,-2.4550509452819824
310,12483,45.0,-2.369330644607544
311,12515,32.0,0.262107789516449
312,12539,24.0,-2.7944250106811523
313,12564,25.0,0.003602951765060425
314,12635,71.0,0.5571759939193726
315,12795,160.0,-0.4402504861354828
316,12959,164.0,0.8415964245796204
317,13002,43.0,-1.7771034240722656
318,13142,140.0,-1.7617192268371582
319,13177,35.0,-0.20782965421676636
320,13284,107.0,-0.7319528460502625
321,13339,55.0,0.18419194221496582
322,13484,145.0,0.8485784530639648
323,13584,100.0,0.6884734034538269
324,13645,61.0,-3.5608396530151367
325,13711,66.0,-1.6241495609283447
326,13804,93.0,-0.5372180938720703
327,13866,62.0,-0.47620487213134766
328,14007,141.0,-0.7535707950592041
329,14170,163.0,-2.2693841457366943
330,14220,50.0,-0.9347447156906128
331,14405,185.0,-1.6298296451568604
332,14510,105.0,-1.179314374923706
333,14534,24.0,0.6041146516799927
334,14662,128.0,-4.501105785369873
335,14685,23.0,0.5628146529197693
336,14729,44.0,-0.3133879601955414
337,14796,67.0,-1.6856451034545898
338,14843,47.0,0.20527780055999756
339,14952,109.0,0.13352417945861816
340,15089,137.0,0.5562645196914673
341,15208,119.0,-3.0059726238250732
342,15282,74.0,-4.425042629241943
343,15367,85.0,0.03589761257171631
344,15437,70.0,-1.5756874084472656
345,15503,66.0,0.11703196167945862
346,15652,149.0,0.5000870227813721
347,15737,85.0,-0.26955103874206543
348,15844,107.0,-0.4789635241031647
349,15970,126.0,-3.7973647117614746
350,16113,143.0,0.25462961196899414
351,16139,26.0,0.8782442808151245
352,16173,34.0,-1.1834824085235596
353,16192,19.0,-1.7924081087112427
354,16285,93.0,0.4022659659385681
355,16398,113.0,-0.7384118437767029
356,16470,72.0,-2.6372902393341064
357,16671,201.0,-3.510324239730835
358,16788,117.0,-3.782289505004883
359,16847,59.0,-3.0481204986572266
360,16890,43.0,-2.5533647537231445
361,16992,102.0,-1.746354103088379
362,17117,125.0,-6.62564754486084
363,17186,69.0,-4.155874252319336
364,17292,106.0,-0.3929934799671173
365,17338,46.0,-1.6142524480819702
366,17494,156.0,-0.5059397220611572
367,17633,139.0,-5.120255947113037
368,17712,79.0,-2.572211742401123
369,17816,104.0,-1.2228474617004395
370,17942,126.0,-0.8459559082984924
371,18047,105.0,0.22865116596221924
372,18146,99.0,1.0912866592407227
373,18396,250.0,-2.8690848350524902
374,18501,105.0,-0.07995980978012085
375,18629,128.0,-1.0534881353378296
376,18810,181.0,-2.441197633743286
377,18975,165.0,-0.46715253591537476
378,19084,109.0,-1.9735277891159058
379,19198,114.0,-1.2968302965164185
380,19250,52.0,0.7090775370597839
381,19291,41.0,-3.1280317306518555
382,19316,25.0,4.003514289855957
383,19691,375.0,-0.8798445463180542
384,19811,120.0,-2.865921974182129
385,20000,189.0,-1.1804065704345703
386,20032,32.0,-1.68404221534729
387,20180,148.0,-0.6966567039489746
388,20317,137.0,2.118500232696533
389,20450,133.0,-1.0494930744171143
390,20528,78.0,-1.833202600479126
391,20693,165.0,-7.892301082611084
392,20876,183.0,-0.0032804012298583984
393,21014,138.0,-8.41960334777832
394,21214,200.0,1.6924638748168945
395,21375,161.0,-1.7198240756988525
396,21656,281.0,-1.3049437999725342
397,21831,175.0,-3.230072259902954
398,22020,189.0,1.693302869796753
399,22186,166.0,3.8368752002716064
400,22354,168.0,-4.281564235687256
401,22663,309.0,0.05251669883728027
402,22842,179.0,-0.10123294591903687
403,22934,92.0,-1.1858253479003906
404,23030,96.0,-0.1489872932434082
405,23204,174.0,-7.385915279388428
406,23220,16.0,0.6211128234863281
407,23342,122.0,-0.9175602197647095
408,23377,35.0,-2.8274126052856445
409,23397,20.0,-0.7881492376327515
410,23594,197.0,-0.9529901742935181
411,23740,146.0,-2.8736910820007324
412,23909,169.0,-1.3116073608398438
413,24110,201.0,-1.369509220123291
414,24304,194.0,-2.5562326908111572
415,24500,196.0,0.10795164108276367
416,24664,164.0,1.455484390258789
417,24736,72.0,-2.052912712097168
418,24858,122.0,-3.6508522033691406
419,25094,236.0,0.3805173635482788
420,25249,155.0,-0.6147323250770569
421,25359,110.0,-3.9630823135375977
422,25380,21.0,-0.5024151802062988
423,25512,132.0,-0.769986629486084
424,25621,109.0,-2.3197295665740967
425,25743,122.0,-2.3567914962768555
426,25926,183.0,-0.8143901824951172
427,26022,96.0,-1.5198906660079956
428,26197,175.0,1.0158166885375977
429,26263,66.0,-1.0605648756027222
430,26399,136.0,-3.6541635990142822
431,26541,142.0,-4.468752861022949
432,26602,61.0,-1.626207709312439
433,26970,368.0,-3.7159690856933594
434,27071,101.0,-1.4458343982696533
435,27190,119.0,-1.187439203262329
436,27456,266.0,-0.6827199459075928
437,27619,163.0,-2.578646659851074
438,27668,49.0,-1.9854463338851929
439,27792,124.0,-3.2692294120788574
440,27957,165.0,4.8635053634643555
441,28263,306.0,3.1001174449920654
442,28453,190.0,-0.6894426345825195
443,28607,154.0,-1.4846395254135132
444,28924,317.0,0.679002046585083
445,29159,235.0,-1.3457804918289185
446,29247,88.0,-0.16733551025390625
447,29378,131.0,-2.4324944019317627
448,29541,163.0,-1.6880899667739868
449,29741,200.0,0.3186519742012024
450,30027,286.0,-1.0686677694320679
451,30151,124.0,0.5002074241638184
452,30277,126.0,0.10525345802307129
453,30389,112.0,-0.6015313267707825
454,30823,434.0,-2.88798451423645
455,30955,132.0,1.6716517210006714
456,31102,147.0,2.21884822845459
457,31266,164.0,-8.793624877929688
458,31391,125.0,-0.5986291170120239
459,31631,240.0,1.839938759803772
460,31765,134.0,-0.511921763420105
461,31879,114.0,-1.2404711246490479
462,32012,133.0,-1.7596423625946045
463,32045,33.0,0.11156873404979706
464,32316,271.0,-3.5534207820892334
465,32491,175.0,-0.886438250541687
466,32639,148.0,-0.30423930287361145
467,32959,320.0,1.6396987438201904
468,33141,182.0,-3.4230549335479736
469,33377,236.0,-2.863949775695801
470,33592,215.0,-2.2451159954071045
471,33712,120.0,-2.6035315990448
472,33929,217.0,-0.9553882479667664
473,34027,98.0,1.7233388423919678
474,34283,256.0,-4.144157409667969
475,34407,124.0,-1.3407764434814453
476,34591,184.0,-1.413374662399292
477,34767,176.0,-1.7491141557693481
478,34978,211.0,0.5890352725982666
479,35145,167.0,-4.376110553741455
480,35212,67.0,-4.1883769035339355
481,35266,54.0,-2.362149238586426
482,35303,37.0,-2.762009382247925
483,35464,161.0,-0.2724189758300781
484,35516,52.0,-1.3007375001907349
485,35584,68.0,-4.923495292663574
486,35717,133.0,1.6201633214950562
487,35989,272.0,1.4709300994873047
488,36326,337.0,-2.8581600189208984
489,36417,91.0,-10.526411056518555
490,36569,152.0,-1.1904165744781494
491,36899,330.0,-4.294849395751953
492,37094,195.0,1.5172168016433716
493,37331,237.0,-0.5004120469093323
494,37477,146.0,-2.6647634506225586
495,37524,47.0,-0.7870386838912964
496,37547,23.0,-1.4971100091934204
497,37752,205.0,-1.3309742212295532
498,37862,110.0,-1.3247922658920288
499,37907,45.0,-1.6967885494232178
500,38073,166.0,-4.51857328414917
501,38209,136.0,-3.08593487739563
502,38330,121.0,0.5916403532028198
503,38573,243.0,-1.6617281436920166
504,38687,114.0,-0.7305869460105896
505,38975,288.0,-1.9324641227722168
506,39379,404.0,0.9685120582580566
507,39595,216.0,-5.605691909790039
508,39744,149.0,-5.597681999206543
509,39973,229.0,1.1317851543426514
510,40169,196.0,-3.6863389015197754
511,40356,187.0,-3.6003575325012207
512,40484,128.0,-3.5938334465026855
513,40879,395.0,-6.927030086517334
514,41102,223.0,-1.7939659357070923
515,41222,120.0,-3.684910297393799
516,41512,290.0,-4.701630592346191
517,41683,171.0,-1.1821904182434082
518,42033,350.0,-5.0255231857299805
519,42305,272.0,-2.8705544471740723
520,42472,167.0,0.5450916290283203
521,42586,114.0,0.4285038709640503
522,42794,208.0,-4.159646034240723
523,42953,159.0,-1.4964134693145752
524,43453,500.0,-9.585647583007812
525,43623,170.0,2.4095277786254883
526,43834,211.0,-11.051116943359375
527,44204,370.0,-4.955663204193115
528,44356,152.0,-1.8750967979431152
529,44406,50.0,-1.4056717157363892
530,44670,264.0,-5.385759353637695
531,44818,148.0,3.525580406188965
532,45039,221.0,1.102787733078003
533,45171,132.0,-10.70055103302002
534,45346,175.0,-5.5988664627075195
535,45556,210.0,-4.1005940437316895
536,45697,141.0,-3.7679495811462402
537,45897,200.0,1.6976418495178223
538,46051,154.0,-1.018031120300293
539,46276,225.0,-2.176271438598633
540,46688,412.0,5.261006832122803
541,47039,351.0,2.718381404876709
542,47123,84.0,-11.654226303100586
543,47438,315.0,-2.830641746520996
544,47615,177.0,-6.161191940307617
545,47979,364.0,-2.175930976867676
546,48393,414.0,-11.561517715454102
547,48773,380.0,-0.9434401988983154
548,48956,183.0,-3.1962995529174805
549,49445,489.0,-7.013280391693115
550,49694,249.0,-3.400503158569336
551,49990,296.0,3.5419559478759766
552,50104,114.0,-3.5427582263946533
553,50236,132.0,-6.646652698516846
554,50499,263.0,-6.602679252624512
555,50674,175.0,1.0475578308105469
556,50975,301.0,-1.0843690633773804
557,51028,53.0,-4.581474304199219
558,51365,337.0,1.566673755645752
559,51624,259.0,-4.129478931427002
560,51805,181.0,-2.1417911052703857
561,51952,147.0,-13.999227523803711
562,52115,163.0,-1.2680397033691406
563,52358,243.0,7.416138172149658
564,52569,211.0,0.9159032702445984
565,52823,254.0,-0.9368022680282593
566,53113,290.0,-1.4835928678512573
567,53291,178.0,-1.7697710990905762
568,53461,170.0,-13.314419746398926
569,53609,148.0,5.373834609985352
570,53738,129.0,-5.035089492797852
571,53883,145.0,3.073035717010498
572,54004,121.0,1.9237487316131592
573,54316,312.0,-1.0089082717895508
574,54457,141.0,-1.1707271337509155
575,54738,281.0,2.637789487838745
576,54845,107.0,0.002248331904411316
577,55009,164.0,2.843691110610962
578,55125,116.0,2.119692087173462
579,55173,48.0,-10.136017799377441
580,55382,209.0,-7.626852035522461
581,55649,267.0,-1.6055697202682495
582,55844,195.0,-6.859978675842285
583,56344,500.0,-3.1609880924224854
584,56549,205.0,-4.213118076324463
585,56825,276.0,-5.022213459014893
586,57124,299.0,-1.5614356994628906
587,57486,362.0,1.4816899299621582
588,57590,104.0,0.13357028365135193
589,57758,168.0,-7.8437275886535645
590,58009,251.0,-0.18344378471374512
591,58300,291.0,-7.859683036804199
592,58438,138.0,-1.6060948371887207
593,58673,235.0,1.1779468059539795
594,58984,311.0,-0.09254622459411621
595,59317,333.0,-8.83251667022705
596,59455,138.0,0.9085831642150879
597,59663,208.0,-2.7953948974609375
598,59794,131.0,-4.0044379234313965
599,60294,500.0,-6.260633945465088
600,60555,261.0,-7.710524559020996
601,60771,216.0,-1.0784192085266113
602,60918,147.0,-9.299880981445312
603,61053,135.0,1.981451392173767
604,61271,218.0,-9.992210388183594
605,61403,132.0,-19.369470596313477
606,61616,213.0,-4.348224639892578
607,61740,124.0,0.8950386047363281
608,62002,262.0,-9.628406524658203
609,62132,130.0,0.5302045941352844
610,62356,224.0,-6.0272088050842285
611,62585,229.0,0.622117280960083
612,63085,500.0,-0.9843299388885498
613,63410,325.0,3.9926609992980957
614,63543,133.0,4.232710838317871
615,63949,406.0,-4.828217506408691
616,64249,300.0,1.038032054901123
617,64428,179.0,-0.06875917315483093
618,64647,219.0,5.036809921264648
619,65147,500.0,7.969483852386475
620,65184,37.0,-3.44800066947937
621,65684,500.0,-5.436446189880371
622,65971,287.0,1.4753280878067017
623,66130,159.0,6.221538543701172
624,66467,337.0,-15.314141273498535
625,66558,91.0,-8.122509002685547
626,66761,203.0,-1.2351752519607544
627,67031,270.0,-6.6851301193237305
628,67193,162.0,1.2715120315551758
629,67234,41.0,-3.97613525390625
630,67387,153.0,-6.23213005065918
631,67685,298.0,-5.029819011688232
632,68185,500.0,-0.46903476119041443
633,68513,328.0,-3.5566585063934326
634,68672,159.0,5.114358901977539
635,69038,366.0,-5.52000617980957
636,69277,239.0,-6.142017364501953
637,69432,155.0,-3.2060940265655518
638,69807,375.0,-0.26449549198150635
639,70258,451.0,-4.011209964752197
640,70612,354.0,-8.257161140441895
641,70944,332.0,3.098629951477051
642,71444,500.0,-3.3972866535186768
643,71647,203.0,1.4593968391418457
644,72134,487.0,6.678292751312256
645,72304,170.0,-2.4608936309814453
646,72434,130.0,0.698712944984436
647,72684,250.0,0.9277564287185669
648,72920,236.0,-5.438762187957764
649,73366,446.0,0.8629328608512878
650,73688,322.0,2.0591206550598145
651,74039,351.0,-0.24276947975158691
652,74346,307.0,-10.003278732299805
653,74752,406.0,-9.770577430725098
654,75252,500.0,-0.5219089984893799
655,75286,34.0,-14.867645263671875
656,75583,297.0,-5.085949420928955
657,75942,359.0,-4.867429733276367
658,76442,500.0,-4.048713684082031
659,76886,444.0,-3.416924476623535
660,77386,500.0,0.07752525806427002
661,77886,500.0,5.152195930480957
662,78307,421.0,-11.77932071685791
663,78611,304.0,0.7181721925735474
664,78776,165.0,-5.689079284667969
665,79276,500.0,0.1584153175354004
666,79451,175.0,-2.955768346786499
667,79951,500.0,3.2802250385284424
668,80276,325.0,1.3594822883605957
669,80442,166.0,-6.058533668518066
670,80590,148.0,0.8671161532402039
671,80896,306.0,-2.6586709022521973
672,81118,222.0,-3.622929334640503
673,81375,257.0,-0.9468825459480286
674,81555,180.0,-6.70857048034668
675,81586,31.0,-9.907754898071289
676,82086,500.0,2.7530040740966797
677,82278,192.0,-2.5504069328308105
678,82512,234.0,-2.851252317428589
679,82848,336.0,0.5198440551757812
680,83088,240.0,-0.9914330840110779
681,83302,214.0,-6.555664539337158
682,83540,238.0,-3.562943458557129
683,83715,175.0,-0.8916157484054565
684,84215,500.0,3.6787946224212646
685,84378,163.0,2.215614080429077
686,84643,265.0,1.1452237367630005
687,84931,288.0,-6.066061973571777
688,85431,500.0,4.05949592590332
689,85814,383.0,-1.2236783504486084
690,85952,138.0,-1.5129039287567139
691,86100,148.0,-4.140761375427246
692,86160,60.0,-1.5345916748046875
693,86270,110.0,-1.7231804132461548
694,86449,179.0,0.25852036476135254
695,86570,121.0,-1.2181830406188965
696,86801,231.0,2.4706735610961914
697,87075,274.0,-3.3182032108306885
698,87177,102.0,6.984443187713623
699,87357,180.0,-4.831605434417725
700,87557,200.0,2.5139966011047363
701,87757,200.0,-3.801584482192993
702,87964,207.0,3.061370849609375
703,88224,260.0,-7.905226707458496
704,88473,249.0,-0.1382293403148651
705,88639,166.0,-6.246669769287109
706,88949,310.0,1.416034460067749
707,89085,136.0,-10.094099998474121
708,89280,195.0,-0.23635149002075195
709,89503,223.0,3.089425563812256
710,89854,351.0,-3.1941261291503906
711,90211,357.0,-4.883346080780029
712,90463,252.0,0.11792349815368652
713,90643,180.0,-3.9422173500061035
714,90846,203.0,-2.3768091201782227
715,91167,321.0,1.0635185241699219
716,91667,500.0,-4.985991954803467
717,92002,335.0,-1.502537727355957
718,92304,302.0,-4.908003807067871
719,92667,363.0,2.7471251487731934
720,93167,500.0,-0.8522435426712036
721,93667,500.0,-7.809850692749023
722,93921,254.0,-3.24711012840271
723,94421,500.0,4.753554821014404
724,94846,425.0,-11.616549491882324
725,95260,414.0,-3.670670509338379
726,95451,191.0,3.2467002868652344
727,95792,341.0,-5.44891881942749
728,96010,218.0,-5.855545997619629
729,96499,489.0,-7.050267696380615
730,96852,353.0,1.4456113576889038
731,96986,134.0,-0.8776005506515503
732,97331,345.0,-2.7914960384368896
733,97657,326.0,-4.496901035308838
734,98014,357.0,-6.48302698135376
735,98117,103.0,-3.8238344192504883
736,98438,321.0,-2.7212836742401123
737,98901,463.0,-9.009550094604492
738,99119,218.0,-13.059236526489258
739,99373,254.0,0.5725688338279724
740,99593,220.0,-2.2909679412841797
741,100093,500.0,-4.780989170074463
742,100329,236.0,-3.0496933460235596
743,100634,305.0,0.632115364074707
744,100896,262.0,-2.4786291122436523
745,101396,500.0,-1.606867790222168
746,101635,239.0,-4.685152530670166
747,101778,143.0,2.1667394638061523
748,101929,151.0,1.3795369863510132
749,102192,263.0,-3.6329479217529297
750,102415,223.0,5.09395694732666
751,102788,373.0,5.664093017578125
752,103039,251.0,-0.10529187321662903
753,103262,223.0,0.4607461988925934
754,103762,500.0,4.144316673278809
755,104168,406.0,0.1265164613723755
756,104668,500.0,3.8759429454803467
757,105167,499.0,-5.056390285491943
758,105482,315.0,-5.955918312072754
759,105694,212.0,-3.9069385528564453
760,105976,282.0,-0.6278309226036072
761,106275,299.0,-10.316963195800781
762,106649,374.0,0.8241834044456482
763,106869,220.0,2.3898353576660156
764,107369,500.0,-1.4795928001403809
765,107712,343.0,-0.6967899799346924
766,108210,498.0,-7.48448371887207
767,108433,223.0,-2.3009705543518066
768,108689,256.0,-6.015312194824219
769,109189,500.0,3.762408971786499
770,109689,500.0,-5.089699745178223
771,109921,232.0,0.260977566242218
772,110421,500.0,-7.620553016662598
773,110779,358.0,-0.3193090260028839
774,111279,500.0,0.6639368534088135
775,111779,500.0,1.7754888534545898
776,112047,268.0,-2.8808512687683105
777,112547,500.0,2.3285961151123047
778,112948,401.0,-3.708144426345825
779,113399,451.0,-7.35292387008667
780,113899,500.0,-8.708527565002441
781,114200,301.0,-17.048917770385742
782,114700,500.0,-4.575878143310547
783,114891,191.0,-5.768850326538086
784,115122,231.0,-1.6698942184448242
785,115257,135.0,-0.29375994205474854
786,115466,209.0,-3.9931459426879883
787,115832,366.0,-0.23701345920562744
788,116004,172.0,0.20656466484069824
789,116367,363.0,-16.330612182617188
790,116746,379.0,-5.276976585388184
791,117166,420.0,-5.349397659301758
792,117468,302.0,-1.1587481498718262
793,117747,279.0,-3.934643030166626
794,117973,226.0,-6.323329925537109
795,118284,311.0,4.626284599304199
796,118658,374.0,-3.479820728302002
797,118861,203.0,-11.215789794921875
798,119177,316.0,-2.982034683227539
799,119648,471.0,3.461704969406128
800,119992,344.0,1.3097437620162964
801,120492,500.0,0.8962876796722412
802,120767,275.0,-6.19626522064209
803,121267,500.0,3.6169450283050537
804,121436,169.0,-0.7173605561256409
805,121613,177.0,-1.728649616241455
806,122084,471.0,-2.4989941120147705
807,122584,500.0,-1.7652910947799683
808,123084,500.0,-2.559957504272461
809,123584,500.0,-0.3619391918182373
810,123757,173.0,-0.5623894929885864
811,124257,500.0,-2.5741569995880127
812,124460,203.0,0.3130314350128174
813,124960,500.0,-4.084958076477051
814,125460,500.0,-1.875683069229126
815,125838,378.0,-2.7420284748077393
816,126338,500.0,3.540701150894165
817,126838,500.0,-2.1256027221679688
818,127146,308.0,-6.063217639923096
819,127377,231.0,-2.7840991020202637
820,127877,500.0,2.1542320251464844
821,128377,500.0,9.391561508178711
822,128517,140.0,-0.8709031939506531
823,128824,307.0,-4.786571502685547
824,129142,318.0,-2.8421876430511475
825,129642,500.0,0.8040417432785034
826,130142,500.0,-5.877992630004883
827,130458,316.0,-0.949137806892395
828,130625,167.0,-3.4471940994262695
829,130834,209.0,0.35327112674713135
830,131334,500.0,2.589752435684204
831,131834,500.0,-4.4153361320495605
832,132334,500.0,0.8197245597839355
833,132754,420.0,-0.1908014714717865
834,133254,500.0,4.7744011878967285
835,133717,463.0,-12.246393203735352
836,134217,500.0,-5.244985580444336
837,134717,500.0,0.9975718259811401
838,135217,500.0,-0.7840778827667236
839,135329,112.0,-9.427297592163086
840,135610,281.0,-3.770857334136963
841,136013,403.0,-7.725388526916504
842,136513,500.0,2.077073097229004
843,137013,500.0,0.3760421574115753
844,137476,463.0,-8.119702339172363
845,137949,473.0,-10.924609184265137
846,138449,500.0,-0.01728034019470215
847,138949,500.0,-8.341117858886719
848,139127,178.0,4.522648811340332
849,139377,250.0,3.38112473487854
850,139877,500.0,0.9742279052734375
851,139956,79.0,-11.683379173278809
852,140219,263.0,-5.652606964111328
853,140719,500.0,0.2481311559677124
854,141219,500.0,1.9868621826171875
855,141584,365.0,-1.2349026203155518
856,141947,363.0,-1.9409666061401367
857,142177,230.0,-1.5206096172332764
858,142677,500.0,0.5428193807601929
859,143152,475.0,-11.173768997192383
860,143599,447.0,-4.207571029663086
861,144075,476.0,-0.38090288639068604
862,144575,500.0,-3.0714340209960938
863,145075,500.0,0.22988486289978027
864,145533,458.0,4.958307266235352
865,146033,500.0,-2.552861213684082
866,146352,319.0,-1.984291434288025
867,146821,469.0,-11.609641075134277
868,147291,470.0,-9.474536895751953
869,147523,232.0,-2.0233511924743652
870,147763,240.0,-4.465921878814697
871,148263,500.0,-2.201277017593384
872,148763,500.0,-12.102474212646484
873,149263,500.0,3.1855223178863525
874,149513,250.0,-4.154768466949463
875,150013,500.0,6.379664421081543
876,150375,362.0,0.44759178161621094
877,150875,500.0,4.2518630027771
878,151105,230.0,-5.987177848815918
879,151481,376.0,-3.3635525703430176
880,151981,500.0,0.5338526964187622
881,152455,474.0,-9.555556297302246
882,152914,459.0,-26.085702896118164
883,153414,500.0,-12.533673286437988
884,153914,500.0,2.501624345779419
885,154344,430.0,0.6680333018302917
886,154466,122.0,-8.857842445373535
887,154966,500.0,-0.176631361246109
888,155430,464.0,-5.2326507568359375
889,155930,500.0,2.607863664627075
890,156101,171.0,-7.273805141448975
891,156601,500.0,6.4962382316589355
892,157021,420.0,-5.2201313972473145
893,157216,195.0,-15.060335159301758
894,157555,339.0,-6.293302536010742
895,157776,221.0,-5.567032814025879
896,158187,411.0,-6.327263355255127
897,158687,500.0,4.72670841217041
898,159187,500.0,3.261155128479004
899,159687,500.0,1.884103775024414
900,160062,375.0,-14.301077842712402
901,160259,197.0,-0.5657910108566284
902,160387,128.0,-3.652247667312622
903,160759,372.0,-5.868354797363281
904,161156,397.0,-1.379436731338501
905,161656,500.0,-0.12388384342193604
906,162156,500.0,8.164116859436035
907,162406,250.0,0.7805043458938599
908,162561,155.0,3.500269889831543
909,163036,475.0,-4.310969352722168
910,163536,500.0,2.4841485023498535
911,164036,500.0,-1.1961613893508911
912,164536,500.0,-7.993486404418945
913,164711,175.0,0.5191535949707031
914,165211,500.0,5.987814903259277
915,165711,500.0,4.222902774810791
916,166211,500.0,-7.272591590881348
917,166711,500.0,-6.025105953216553
918,167102,391.0,-4.059284687042236
919,167505,403.0,-5.008768558502197
920,167954,449.0,-7.232424259185791
921,168178,224.0,-1.609304666519165
922,168678,500.0,-7.813962936401367
923,169131,453.0,1.7360241413116455
924,169457,326.0,-2.678591251373291
925,169928,471.0,-1.7164692878723145
926,170139,211.0,-5.581029891967773
927,170639,500.0,2.0274343490600586
928,170807,168.0,-4.164066314697266
929,170986,179.0,-1.5705937147140503
930,171447,461.0,-6.04878044128418
931,171928,481.0,2.795579195022583
932,172401,473.0,-2.974463939666748
933,172665,264.0,-6.021156311035156
934,173165,500.0,3.1964821815490723
935,173665,500.0,-1.756353497505188
936,174165,500.0,-1.3995096683502197
937,174533,368.0,0.8409892320632935
938,175033,500.0,-3.205881118774414
939,175533,500.0,5.7558794021606445
940,175815,282.0,-1.9640791416168213
941,176110,295.0,-2.0267832279205322
942,176610,500.0,-2.445608139038086
943,177110,500.0,-9.222753524780273
944,177610,500.0,-0.6331040859222412
945,178110,500.0,-6.34025764465332
946,178610,500.0,-9.043807983398438
947,179110,500.0,3.7500133514404297
948,179610,500.0,1.7919937372207642
949,180110,500.0,4.189426422119141
950,180610,500.0,-13.315725326538086
951,181110,500.0,-6.197963237762451
952,181610,500.0,-4.30103874206543
953,181968,358.0,-2.5672035217285156
954,182468,500.0,-0.8757739067077637
955,182968,500.0,2.2308478355407715
956,183224,256.0,-6.506058216094971
957,183724,500.0,-0.10348653793334961
958,184224,500.0,6.683319091796875
959,184724,500.0,-0.04044497013092041
960,184904,180.0,-1.8456144332885742
961,185404,500.0,-12.390241622924805
962,185904,500.0,-4.848072052001953
963,186404,500.0,2.302997350692749
964,186904,500.0,-8.650992393493652
965,187268,364.0,-8.625687599182129
966,187738,470.0,-7.333354473114014
967,188238,500.0,-7.864555358886719
968,188646,408.0,-9.293360710144043
969,189146,500.0,3.308661460876465
970,189646,500.0,-3.6074562072753906
971,190146,500.0,-2.714527130126953
972,190646,500.0,-1.770370364189148
973,191146,500.0,-7.6627912521362305
974,191646,500.0,10.052383422851562
975,192066,420.0,-0.5108160972595215
976,192566,500.0,8.028059005737305
977,193066,500.0,4.682565689086914
978,193566,500.0,5.4973955154418945
979,194066,500.0,-9.283824920654297
980,194566,500.0,3.6263251304626465
981,195066,500.0,3.926624059677124
982,195566,500.0,5.98451042175293
983,195933,367.0,-16.81958770751953
984,196377,444.0,2.719477891921997
985,196877,500.0,-2.4167442321777344
986,197369,492.0,9.199121475219727
987,197869,500.0,-5.212203025817871
988,198369,500.0,-2.088228702545166
989,198869,500.0,5.290729522705078
990,199369,500.0,-5.096124649047852
991,199719,350.0,-7.760704517364502
992,200219,500.0,-0.9843435883522034
993,200393,174.0,-5.725018501281738
994,200893,500.0,-3.588304281234741
995,201393,500.0,-9.893796920776367
996,201569,176.0,-0.458469420671463
997,201716,147.0,-1.7099852561950684
998,202216,500.0,-3.9165127277374268
999,202716,500.0,-2.803358554840088
1000,203216,500.0,-7.48576021194458
1001,203665,449.0,-18.43362808227539
1002,204165,500.0,-3.3161730766296387
1003,204665,500.0,-2.2769663333892822
1004,205165,500.0,10.070390701293945
1005,205329,164.0,-5.343058109283447
1006,205472,143.0,1.4469860792160034
1007,205972,500.0,0.4804821014404297
1008,206472,500.0,0.017193078994750977
1009,206972,500.0,-3.786893129348755
1010,207472,500.0,0.5133521556854248
1011,207856,384.0,1.21309232711792
1012,208356,500.0,5.3365325927734375
1013,208809,453.0,-0.5340385437011719
1014,209039,230.0,3.9932363033294678
1015,209539,500.0,-1.8702541589736938
1016,210023,484.0,-15.48397445678711
1017,210523,500.0,-4.684937477111816
1018,210907,384.0,-0.4837883710861206
1019,211407,500.0,-6.534240245819092
1020,211811,404.0,-1.3756725788116455
1021,212311,500.0,-2.105753183364868
1022,212713,402.0,-5.208166122436523
1023,213213,500.0,-7.454176902770996
1024,213713,500.0,6.430536270141602
1025,214213,500.0,0.7858974933624268
1026,214713,500.0,9.632223129272461
1027,215213,500.0,4.397435188293457
1028,215713,500.0,4.471182823181152
1029,216148,435.0,-7.732357025146484
1030,216528,380.0,-2.4078903198242188
1031,217028,500.0,1.8809770345687866
1032,217528,500.0,5.375713348388672
1033,217892,364.0,-5.625887870788574
1034,218392,500.0,-4.238717555999756
1035,218876,484.0,4.800455093383789
1036,219242,366.0,-5.026813983917236
1037,219742,500.0,-1.3121801614761353
1038,220242,500.0,-0.43813300132751465
1039,220538,296.0,-0.5893484950065613
1040,220959,421.0,-8.118403434753418
1041,221213,254.0,-1.3627777099609375
1042,221713,500.0,2.436018705368042
1043,222213,500.0,-0.36245280504226685
1044,222713,500.0,6.618263244628906
1045,223213,500.0,-11.221174240112305
1046,223307,94.0,-2.727748394012451
1047,223807,500.0,0.6614028215408325
1048,224307,500.0,-3.1511268615722656
1049,224807,500.0,-1.727351427078247
1050,225307,500.0,-5.497894287109375
1051,225431,124.0,1.1078494787216187
1052,225931,500.0,-5.412472724914551
1053,226431,500.0,6.276427745819092
1054,226724,293.0,-7.630783557891846
1055,227224,500.0,-3.349562883377075
1056,227724,500.0,-4.227880001068115
1057,228224,500.0,-3.6447091102600098
1058,228598,374.0,1.5016727447509766
1059,229098,500.0,-8.32144546508789
1060,229598,500.0,-4.814589977264404
1061,230098,500.0,5.483377933502197
1062,230598,500.0,6.346525192260742
1063,231098,500.0,4.671473026275635
1064,231598,500.0,2.1006035804748535
1065,232098,500.0,-5.8365983963012695
1066,232422,324.0,-11.018719673156738
1067,232922,500.0,-3.389052629470825
1068,233422,500.0,-0.32511425018310547
1069,233922,500.0,-6.3719916343688965
1070,234422,500.0,-0.9105000495910645
1071,234882,460.0,-6.6747941970825195
1072,235185,303.0,-5.358041286468506
1073,235685,500.0,-4.7933502197265625
1074,236185,500.0,5.496873378753662
1075,236685,500.0,-0.20656734704971313
1076,237185,500.0,-0.07884562015533447
1077,237685,500.0,2.3854455947875977
1078,238185,500.0,-9.376619338989258
1079,238685,500.0,6.08669376373291
1080,239185,500.0,-0.5157186388969421
1081,239685,500.0,7.49707555770874
1082,240185,500.0,-2.6982412338256836
1083,240685,500.0,-2.9410834312438965
1084,241185,500.0,-4.687408924102783
1085,241399,214.0,-1.686339259147644
1086,241899,500.0,-4.774446487426758
1087,242183,284.0,-15.513197898864746
1088,242437,254.0,-8.53763198852539
1089,242640,203.0,-0.5603301525115967
1090,243054,414.0,-0.5559995770454407
1091,243554,500.0,-0.8541898727416992
1092,244054,500.0,-4.495542049407959
1093,244554,500.0,13.40334701538086
1094,244752,198.0,-4.555873870849609
1095,244884,132.0,-2.639296054840088
1096,245384,500.0,-1.4086990356445312
1097,245884,500.0,8.412108421325684
1098,246384,500.0,4.810819625854492
1099,246884,500.0,-4.168452739715576
1100,247102,218.0,-2.8590314388275146
1101,247602,500.0,-4.426476001739502
1102,248102,500.0,0.9471162557601929
1103,248456,354.0,-4.998011589050293
1104,248956,500.0,-2.78275465965271
1105,249456,500.0,0.7862003445625305
1106,249956,500.0,-0.6429439783096313
1107,250456,500.0,6.532181739807129
1108,250956,500.0,-3.058016777038574
1109,251456,500.0,-6.486513137817383
1110,251665,209.0,-5.953130722045898
1111,252165,500.0,3.219625473022461
1112,252665,500.0,-1.4408034086227417
1113,253165,500.0,-5.325639724731445
1114,253665,500.0,-2.2563061714172363
1115,254165,500.0,-11.835463523864746
1116,254665,500.0,-10.869349479675293
1117,255165,500.0,-2.4474222660064697
1118,255665,500.0,-4.740902900695801
1119,256005,340.0,2.636934757232666
1120,256505,500.0,3.2198197841644287
1121,257005,500.0,5.186413288116455
1122,257505,500.0,-0.5962138772010803
1123,258005,500.0,-18.870454788208008
1124,258505,500.0,1.2070434093475342
1125,259005,500.0,-6.186941146850586
1126,259505,500.0,4.9417009353637695
1127,260005,500.0,-3.8159093856811523
1128,260505,500.0,2.587538242340088
1129,261005,500.0,-7.939611434936523
1130,261505,500.0,-0.7298083305358887
1131,262005,500.0,1.2213075160980225
1132,262505,500.0,6.777693271636963
1133,263005,500.0,-3.674347400665283
1134,263505,500.0,2.9261929988861084
1135,263933,428.0,2.297518491744995
1136,264387,454.0,-7.967409610748291
1137,264887,500.0,-12.104095458984375
1138,265357,470.0,-5.325125217437744
1139,265857,500.0,-1.940576195716858
1140,266357,500.0,-1.4510577917099
1141,266568,211.0,-8.581403732299805
1142,266873,305.0,-3.027616500854492
1143,267373,500.0,-2.428569793701172
1144,267873,500.0,-3.0178003311157227
1145,268373,500.0,-0.5325362086296082
1146,268873,500.0,-1.1856471300125122
1147,269116,243.0,-12.378055572509766
1148,269616,500.0,-0.8063369393348694
1149,270116,500.0,-1.5586386919021606
1150,270616,500.0,-3.787548780441284
1151,271116,500.0,3.4561357498168945
1152,271616,500.0,-4.715057849884033
1153,272116,500.0,-3.5247130393981934
1154,272616,500.0,4.232149124145508
1155,273116,500.0,-0.5163300037384033
1156,273616,500.0,-1.2180602550506592
1157,274116,500.0,-8.512590408325195
1158,274616,500.0,-15.791040420532227
1159,275116,500.0,7.815105438232422
1160,275616,500.0,-1.3854774236679077
1161,276116,500.0,9.8388090133667
1162,276616,500.0,-15.35542106628418
1163,277116,500.0,7.002528667449951
1164,277616,500.0,0.867088794708252
1165,278116,500.0,8.389608383178711
1166,278616,500.0,-3.503077983856201
1167,279116,500.0,-11.674135208129883
1168,279595,479.0,-5.108416557312012
1169,280095,500.0,3.7277214527130127
1170,280595,500.0,-3.9561307430267334
1171,280994,399.0,-15.235254287719727
1172,281494,500.0,3.3736348152160645
1173,281768,274.0,2.7225823402404785
1174,282268,500.0,5.132217884063721
1175,282652,384.0,-9.019804954528809
1176,283152,500.0,-4.026249885559082
1177,283652,500.0,9.744967460632324
1178,284152,500.0,-0.49733293056488037
1179,284426,274.0,-9.555502891540527
1180,284926,500.0,-6.203603744506836
1181,285426,500.0,3.4245011806488037
1182,285926,500.0,7.803390979766846
1183,286426,500.0,-10.791964530944824
1184,286926,500.0,0.9054646492004395
1185,287426,500.0,0.8883674144744873
1186,287926,500.0,5.915225505828857
1187,288426,500.0,6.051592826843262
1188,288926,500.0,-10.068314552307129
1189,289205,279.0,-9.05403995513916
1190,289705,500.0,-6.0709428787231445
1191,290205,500.0,-0.06606459617614746
1192,290705,500.0,-5.314006805419922
1193,290928,223.0,4.7964582443237305
1194,291428,500.0,3.7651262283325195
1195,291928,500.0,0.3094160556793213
1196,292428,500.0,9.97216510772705
1197,292928,500.0,-4.458957672119141
1198,293428,500.0,-7.792534351348877
1199,293928,500.0,5.3903021812438965
1200,294428,500.0,-7.6429595947265625
1201,294928,500.0,-4.272279739379883
1202,295342,414.0,-6.555951118469238
1203,295842,500.0,4.846212387084961
1204,296342,500.0,-4.543092727661133
1205,296842,500.0,6.12998628616333
1206,297224,382.0,1.8896654844284058
1207,297724,500.0,2.280636787414551
1208,298224,500.0,-2.76046085357666
1209,298543,319.0,-4.023169040679932
1210,298819,276.0,-4.6534104347229
1211,299319,500.0,6.852808475494385
1212,299819,500.0,-5.12458610534668
1213,300172,353.0,3.8003573417663574
1214,300586,414.0,-20.24976921081543
1215,300975,389.0,-7.513816833496094
1216,301475,500.0,-4.491921901702881
1217,301975,500.0,1.0650438070297241
1218,302475,500.0,7.185955047607422
1219,302975,500.0,-12.648386001586914
1220,303475,500.0,1.6001110076904297
1221,303975,500.0,3.4528350830078125
1222,304475,500.0,-3.992248773574829
1223,304933,458.0,-2.07484769821167
1224,305433,500.0,8.201407432556152
1225,305933,500.0,0.8819193840026855
1226,306433,500.0,-1.2778644561767578
1227,306690,257.0,-0.7406101226806641
1228,307190,500.0,2.1543776988983154
1229,307690,500.0,4.76566219329834
1230,308190,500.0,3.385654926300049
1231,308690,500.0,-8.073379516601562
1232,309149,459.0,-7.502145767211914
1233,309649,500.0,-1.6361312866210938
1234,309740,91.0,-7.9020256996154785
1235,310240,500.0,-0.9605209827423096
1236,310740,500.0,-3.8239006996154785
1237,311240,500.0,-8.574684143066406
1238,311740,500.0,2.6070477962493896
1239,312240,500.0,1.2116639614105225
1240,312740,500.0,-3.570951223373413
1241,313240,500.0,-11.502702713012695
1242,313740,500.0,9.063116073608398
1243,313974,234.0,-9.380655288696289
1244,314474,500.0,-1.022130012512207
1245,314974,500.0,0.13836050033569336
1246,315474,500.0,-6.212531089782715
1247,315665,191.0,-3.399740695953369
1248,316165,500.0,-8.170366287231445
1249,316665,500.0,-5.441359519958496
1250,317165,500.0,0.5737831592559814
1251,317665,500.0,-7.821136951446533
1252,318165,500.0,5.060605049133301
1253,318483,318.0,-1.159621238708496
1254,318983,500.0,1.5991498231887817
1255,319483,500.0,7.6038689613342285
1256,319983,500.0,-6.206462383270264
1257,320483,500.0,-1.4172524213790894
1258,320983,500.0,6.154855728149414
1259,321170,187.0,-5.855842113494873
1260,321670,500.0,-4.325277328491211
1261,322170,500.0,1.1664735078811646
1262,322670,500.0,-1.0622920989990234
1263,323085,415.0,-6.265783309936523
1264,323585,500.0,3.6904635429382324
1265,323939,354.0,-7.291342258453369
1266,324274,335.0,-3.27223539352417
1267,324658,384.0,-4.508748531341553
1268,325158,500.0,6.789437294006348
1269,325658,500.0,-1.2127392292022705
1270,326158,500.0,0.5436840057373047
1271,326658,500.0,0.6489288806915283
1272,327158,500.0,-3.565845012664795
1273,327658,500.0,2.741527557373047
1274,328158,500.0,3.7690114974975586
1275,328658,500.0,-0.463179349899292
1276,329158,500.0,-3.1101768016815186
1277,329326,168.0,-5.332659721374512
1278,329826,500.0,-2.984999656677246
1279,330326,500.0,-0.648625373840332
1280,330826,500.0,3.483055591583252
1281,331326,500.0,1.5981404781341553
1282,331826,500.0,-1.783634901046753
1283,332145,319.0,-7.346240520477295
1284,332551,406.0,-3.284266948699951
1285,333051,500.0,-1.0698959827423096
1286,333551,500.0,-0.21742892265319824
1287,334051,500.0,-5.632590293884277
1288,334551,500.0,-5.791647911071777
1289,334918,367.0,-6.514188766479492
1290,335418,500.0,1.0753586292266846
1291,335918,500.0,7.053615570068359
1292,336418,500.0,7.321469306945801
1293,336684,266.0,-11.91718864440918
1294,337184,500.0,-9.967218399047852
1295,337684,500.0,7.096513748168945
1296,338184,500.0,-4.013453960418701
1297,338684,500.0,-0.7060850858688354
1298,339184,500.0,-12.416881561279297
1299,339684,500.0,-5.993098258972168
1300,340184,500.0,10.90191650390625
1301,340599,415.0,1.0764563083648682
1302,340911,312.0,-13.751495361328125
1303,341411,500.0,3.161195755004883
1304,341911,500.0,4.659280776977539
1305,342393,482.0,-7.04421329498291
1306,342893,500.0,-0.6076343059539795
1307,343147,254.0,-11.028523445129395
1308,343647,500.0,-2.074094295501709
1309,344147,500.0,-3.021629810333252
1310,344647,500.0,-0.7743091583251953
1311,345147,500.0,4.401904582977295
1312,345647,500.0,0.5003762245178223
1313,346147,500.0,1.1994376182556152
1314,346590,443.0,-1.443888783454895
1315,346903,313.0,-19.318876266479492
1316,347403,500.0,-3.816382884979248
1317,347903,500.0,6.7422919273376465
1318,348403,500.0,-0.8586461544036865
1319,348903,500.0,-1.3732857704162598
1320,349403,500.0,6.225164413452148
1321,349903,500.0,-7.0187506675720215
1322,350403,500.0,-0.45130014419555664
1323,350903,500.0,6.1048126220703125
1324,351085,182.0,-3.6696667671203613
1325,351585,500.0,1.4405215978622437
1326,351921,336.0,0.7555099725723267
1327,352421,500.0,-2.9059715270996094
1328,352921,500.0,-10.747029304504395
1329,353421,500.0,0.3574129641056061
1330,353761,340.0,-4.973076343536377
1331,354261,500.0,10.32382869720459
1332,354761,500.0,-6.835976600646973
1333,354896,135.0,5.65157413482666
1334,355396,500.0,-2.8799474239349365
1335,355896,500.0,-1.7983894348144531
1336,356381,485.0,-8.750784873962402
1337,356881,500.0,0.33231592178344727
1338,357381,500.0,-11.222755432128906
1339,357505,124.0,1.198507308959961
1340,357838,333.0,-8.769895553588867
1341,358059,221.0,-4.083996772766113
1342,358559,500.0,-12.937795639038086
1343,359059,500.0,-12.78486156463623
1344,359559,500.0,-10.07615852355957
1345,359917,358.0,-0.7326527833938599
1346,360417,500.0,-5.30740213394165
1347,360917,500.0,5.869241237640381
1348,361417,500.0,1.2050197124481201
1349,361917,500.0,2.616903066635132
1350,362417,500.0,7.902764320373535
1351,362917,500.0,-3.2803618907928467
1352,363417,500.0,-1.8430482149124146
1353,363917,500.0,-4.013279914855957
1354,364417,500.0,-1.087947130203247
1355,364759,342.0,-5.257019519805908
1356,365259,500.0,0.4819052219390869
1357,365759,500.0,2.3560805320739746
1358,366259,500.0,4.091325759887695
1359,366759,500.0,-6.570229530334473
1360,367259,500.0,2.294513702392578
1361,367759,500.0,5.9303436279296875
1362,368259,500.0,5.103549957275391
1363,368759,500.0,7.385370254516602
1364,369259,500.0,0.16622209548950195
1365,369759,500.0,-0.4403113126754761
1366,370259,500.0,-1.7575087547302246
1367,370759,500.0,4.662109375
1368,371259,500.0,-4.083859443664551
1369,371759,500.0,0.388216495513916
1370,372259,500.0,-2.6511895656585693
1371,372759,500.0,-0.9059224128723145
1372,373259,500.0,4.01948356628418
1373,373759,500.0,5.40291166305542
1374,374259,500.0,-0.1244286298751831
1375,374759,500.0,4.0885515213012695
1376,375259,500.0,3.896091938018799
1377,375759,500.0,0.0015970468521118164
1378,376259,500.0,2.4029688835144043
1379,376719,460.0,-6.036246299743652
1380,377219,500.0,-3.4427380561828613
1381,377422,203.0,-10.445940971374512
1382,377922,500.0,-6.636261940002441
1383,378422,500.0,7.003998756408691
1384,378922,500.0,-2.060795783996582
1385,379422,500.0,-8.87572193145752
1386,379922,500.0,4.616156578063965
1387,380422,500.0,-13.576408386230469
1388,380922,500.0,11.004556655883789
1389,381422,500.0,-0.2966957688331604
1390,381922,500.0,-10.31017017364502
1391,382422,500.0,6.096717834472656
1392,382922,500.0,0.16689717769622803
1393,383196,274.0,-4.6067681312561035
1394,383575,379.0,-4.4981536865234375
1395,384075,500.0,1.324066400527954
1396,384575,500.0,6.787729740142822
1397,385075,500.0,2.0294106006622314
1398,385575,500.0,-5.312539100646973
1399,386075,500.0,8.032954216003418
1400,386575,500.0,1.8823039531707764
1401,387075,500.0,1.6159812211990356
1402,387575,500.0,-0.20630759000778198
1403,388075,500.0,-2.134567975997925
1404,388575,500.0,1.2444665431976318
1405,389075,500.0,-9.803400993347168
1406,389575,500.0,-3.1225497722625732
1407,389888,313.0,-8.4495849609375
1408,390388,500.0,-1.6682610511779785
1409,390888,500.0,0.9680914878845215
1410,391388,500.0,-7.126043319702148
1411,391772,384.0,4.3125104904174805
1412,392113,341.0,-4.728620529174805
1413,392613,500.0,6.437203407287598
1414,393113,500.0,4.470176696777344
1415,393613,500.0,-7.076376914978027
1416,393731,118.0,0.19243575632572174
1417,394231,500.0,0.13118910789489746
1418,394647,416.0,-7.127283573150635
1419,395147,500.0,1.4951603412628174
1420,395584,437.0,-16.370792388916016
1421,396084,500.0,0.018865585327148438
1422,396584,500.0,1.2182137966156006
1423,396956,372.0,-3.775632381439209
1424,397456,500.0,1.9087377786636353
1425,397956,500.0,-13.543173789978027
1426,398378,422.0,0.8570977449417114
1427,398878,500.0,3.2721364498138428
1428,399378,500.0,-3.5822644233703613
1429,399878,500.0,-8.097105026245117
1430,400378,500.0,0.5782994031906128
1431,400878,500.0,3.3456668853759766
1432,401378,500.0,-0.022411763668060303
1433,401878,500.0,1.280463457107544
1434,402085,207.0,-1.0513122081756592
1435,402585,500.0,4.197152137756348
1436,402925,340.0,-14.37698745727539
1437,403425,500.0,-14.227449417114258
1438,403677,252.0,-10.084327697753906
1439,404177,500.0,-0.31273460388183594
1440,404677,500.0,-7.488741874694824
1441,405177,500.0,-3.613356590270996
1442,405677,500.0,-6.370963096618652
1443,406177,500.0,6.392675399780273
1444,406677,500.0,2.894430160522461
1445,407177,500.0,-6.389477729797363
1446,407677,500.0,7.102960109710693
1447,407940,263.0,-7.208657264709473
1448,408440,500.0,-3.011591672897339
1449,408940,500.0,0.9045126438140869
1450,409440,500.0,-2.1319916248321533
1451,409940,500.0,-6.0316853523254395
1452,410440,500.0,6.974240303039551
1453,410940,500.0,7.690161228179932
1454,411440,500.0,-7.402701377868652
1455,411940,500.0,-5.990512847900391
1456,412212,272.0,-6.391796112060547
1457,412712,500.0,-5.437142372131348
1458,413212,500.0,-5.900716781616211
1459,413506,294.0,0.5715631246566772
1460,414006,500.0,4.5948333740234375
1461,414506,500.0,-10.278055191040039
1462,415006,500.0,7.26671028137207
1463,415506,500.0,-1.2529411315917969
1464,416006,500.0,-0.387238472700119
1465,416506,500.0,3.094658613204956
1466,417006,500.0,4.8594255447387695
1467,417506,500.0,5.362667560577393
1468,418000,494.0,-8.615715026855469
1469,418500,500.0,1.7350835800170898
1470,419000,500.0,-1.3113797903060913
1471,419429,429.0,-6.012393474578857
1472,419929,500.0,-4.3268632888793945
1473,420429,500.0,-3.063040256500244
1474,420739,310.0,-4.538417339324951
1475,421239,500.0,3.6714065074920654
1476,421739,500.0,-2.9086849689483643
1477,421897,158.0,-5.705039024353027
1478,422397,500.0,-6.262362957000732
1479,422897,500.0,1.3921079635620117
1480,423397,500.0,-15.713255882263184
1481,423897,500.0,-1.2644970417022705
1482,424397,500.0,3.8607099056243896
1483,424897,500.0,-4.636166572570801
1484,425397,500.0,5.279191970825195
1485,425897,500.0,-5.156382083892822
1486,426397,500.0,5.0278143882751465
1487,426897,500.0,1.0690457820892334
1488,427397,500.0,-1.508497953414917
1489,427897,500.0,-1.3925310373306274
1490,428397,500.0,7.23388671875
1491,428641,244.0,-5.941438674926758
1492,429141,500.0,2.0382063388824463
1493,429641,500.0,9.583223342895508
1494,430141,500.0,-1.073445439338684
1495,430641,500.0,-0.1661055088043213
1496,431141,500.0,-1.5184282064437866
1497,431230,89.0,-18.473670959472656
1498,431730,500.0,-2.8287901878356934
1499,432230,500.0,-2.5100321769714355
1500,432730,500.0,2.295884609222412
